segment,customer_count,segment_revenue,avg_revenue_per_customer,avg_R_score,avg_F_score,avg_M_score,avg_recency,avg_frequency,avg_monetary,revenue_share_pct
Champions,613,7262023.615,11846.694314845025,4.624796084828711,4.618270799347472,4.476345840130506,33.91680261011419,16.851549755301793,54.32735612619032,52.22
Loyal,1170,4341728.375,3710.878952991453,3.635042735042735,4.442735042735043,2.5376068376068375,124.13333333333334,11.01965811965812,22.023556698082196,31.22
Potential Loyalists,1067,1044407.063,978.8257385192127,3.7985004686035615,2.597000937207123,2.999062792877226,99.5285848172446,2.865979381443299,29.89222493847445,7.51
Hibernating,1513,669119.232,442.2466834104428,1.427627230667548,1.302048909451421,2.829477858559154,412.2372769332452,1.302048909451421,29.682252729705247,4.81
At Risk,370,410666.651,1109.9098675675675,1.6567567567567567,3.0,2.82972972972973,347.5405405405405,3.389189189189189,27.08308892328451,2.95
Needs Attention,279,98585.63,353.35351254480287,3.0,1.0,3.039426523297491,174.44444444444446,1.0,38.0490816815953,0.71
New Customers,236,80581.96,341.44898305084746,4.453389830508475,1.0,2.7754237288135593,45.610169491525426,1.0,25.22173307605138,0.58
